{"rtf":3.96631,"physics":0.248027,"freq":4031.81,"timestamp":22476.5}