{"rtf":8.465769,"rtf_avg":8.630605,"physics":0.118123,"freq":8465.769288,"timestamp":18017.620692}