{"rtf":3.275713,"rtf_avg":3.110582,"physics":0.305277,"freq":3275.712706,"timestamp":25514.527770}