{"rtf":3.945183,"rtf_avg":3.962612,"physics":0.253474,"freq":3945.183428,"timestamp":20568.361828}